<?xml version="1.0" encoding="UTF-8" standalone="yes"?>
<project withCertificates="false" backupVersion="2.0" openedwith="JS_EDITOR" subsystem="1" system="2" description="Mobile app built with Appery.io" systemTags="1" name="Photo Storage">
    <asset type="120" name="mobileNative" id="3369475" compressed="false"/>
    <asset type="50" name="startScreen" id="3369476" compressed="false"/>
    <asset type="50" name="LoginScreen" id="3369478" compressed="false"/>
    <asset type="220" name="PhotoStorage_settings" id="3369479" compressed="false"/>
    <asset type="90" name="PhotoStorage_login_service" id="3369480" compressed="false"/>
    <asset type="90" name="PhotoStorage_logout_service" id="3369481" compressed="false"/>
    <asset type="90" name="PhotoStorage_signup_service" id="3369482" compressed="false"/>
    <asset type="90" name="PhotoStorage_CheckIn_create_service" id="3369483" compressed="false"/>
    <asset type="90" name="PhotoStorage_CheckIn_read_service" id="3369484" compressed="false"/>
    <asset type="90" name="PhotoStorage_CheckIn_update_service" id="3369485" compressed="false"/>
    <asset type="90" name="PhotoStorage_CheckIn_delete_service" id="3369486" compressed="false"/>
    <asset type="90" name="PhotoStorage_CheckIn_list_service" id="3369487" compressed="false"/>
    <asset type="90" name="PhotoStorage_CheckIn_query_service" id="3369488" compressed="false"/>
    <asset type="230" name="Project metadata" id="3369489" compressed="false"/>
    <asset type="50" name="SignUpScreen" id="3369491" compressed="false"/>
    <asset type="50" name="SignInScreen" id="3369492" compressed="false"/>
    <asset type="60" name="FacebookPublishing_Utils" id="3369498" compressed="false"/>
    <asset type="180" name="FacebookPublishing_CSS" id="3369499" compressed="false"/>
    <asset type="10" name="logo.png" id="3369510" compressed="true"/>
    <asset type="60" name="Facebook_UrlUtils" id="3369514" compressed="false"/>
    <asset type="60" name="Facebook_PageUtils" id="3369515" compressed="false"/>
    <asset type="150" name="CameraService" id="3371519" compressed="false"/>
    <asset type="50" name="startScreen1396017813747" id="3385869" compressed="false"/>
    <asset type="220" name="face_settings" id="3385870" compressed="false"/>
    <asset type="90" name="face_login_service" id="3385871" compressed="false"/>
    <asset type="90" name="face_logout_service" id="3385872" compressed="false"/>
    <asset type="90" name="face_signup_service" id="3385873" compressed="false"/>
    <asset type="90" name="face__files_create_service" id="3385874" compressed="false"/>
    <asset type="90" name="face__files_read_service" id="3385875" compressed="false"/>
    <asset type="90" name="face__files_delete_service" id="3385876" compressed="false"/>
    <asset type="50" name="face" id="3385877" compressed="false"/>
    <asset type="150" name="CameraService1396017815437" id="3385878" compressed="false"/>
    <asset type="50" name="face_clone_1" id="3385879" compressed="false"/>
    <asset type="90" name="RESTService_detect1" id="3385880" compressed="false"/>
    <asset type="90" name="RESTService_detect2" id="3385881" compressed="false"/>
    <asset type="90" name="RESTService_compare" id="3385882" compressed="false"/>
</project>
