<?xml version="1.0" encoding="UTF-8" standalone="yes"?>
<project withCertificates="false" backupVersion="2.0" openedwith="JS_EDITOR" subsystem="1" system="2" description="Mobile app built with Appery.io" systemTags="1" name="face">
    <asset type="120" name="mobileNative" id="3382361" compressed="false"/>
    <asset type="50" name="startScreen" id="3382362" compressed="false"/>
    <asset type="220" name="face_settings" id="3382363" compressed="false"/>
    <asset type="90" name="face_login_service" id="3382364" compressed="false"/>
    <asset type="90" name="face_logout_service" id="3382365" compressed="false"/>
    <asset type="90" name="face_signup_service" id="3382366" compressed="false"/>
    <asset type="90" name="face__files_create_service" id="3382367" compressed="false"/>
    <asset type="90" name="face__files_read_service" id="3382368" compressed="false"/>
    <asset type="90" name="face__files_delete_service" id="3382369" compressed="false"/>
    <asset type="230" name="Project metadata" id="3382370" compressed="false"/>
    <asset type="50" name="face" id="3382371" compressed="false"/>
    <asset type="150" name="CameraService" id="3382372" compressed="false"/>
    <asset type="50" name="face_clone_1" id="3382373" compressed="false"/>
    <asset type="90" name="RESTService_detect1" id="3382374" compressed="false"/>
    <asset type="90" name="RESTService_detect2" id="3382375" compressed="false"/>
    <asset type="90" name="RESTService_compare" id="3382376" compressed="false"/>
</project>
