<?xml version="1.0" encoding="UTF-8" standalone="yes"?>
<project withCertificates="false" backupVersion="2.0" openedwith="JS_EDITOR" subsystem="1" system="2" description="Mobile app built with Appery.io" systemTags="1" name="login">
    <asset type="120" name="mobileNative" id="3382391" compressed="false"/>
    <asset type="50" name="startScreen" id="3382392" compressed="false"/>
    <asset type="90" name="RESTService" id="3382393" compressed="false"/>
    <asset type="220" name="login_settings" id="3382394" compressed="false"/>
    <asset type="90" name="login_login_service" id="3382395" compressed="false"/>
    <asset type="90" name="login_logout_service" id="3382396" compressed="false"/>
    <asset type="90" name="login_signup_service" id="3382397" compressed="false"/>
    <asset type="230" name="Project metadata" id="3382398" compressed="false"/>
    <asset type="50" name="Screen1" id="3382399" compressed="false"/>
    <asset type="150" name="GeolocationService" id="3382400" compressed="false"/>
    <asset type="90" name="login_attloc_read_service" id="3382401" compressed="false"/>
    <asset type="90" name="login_attloc_update_service" id="3382402" compressed="false"/>
    <asset type="90" name="login_attloc_list_service" id="3382403" compressed="false"/>
    <asset type="90" name="login_attloc_query_service" id="3382404" compressed="false"/>
    <asset type="90" name="login_attloc_create_service" id="3382405" compressed="false"/>
    <asset type="90" name="login_attloc_delete_service" id="3382406" compressed="false"/>
    <asset type="60" name="Facebook_utils" id="3382407" compressed="false"/>
    <asset type="90" name="facebook" id="3382408" compressed="false"/>
    <source platform="ANDROID" compressed="false" readOnly="false" hidden="false" sourceType="user" path="/login/" id="64795332"/>
    <source platform="ANDROID" compressed="false" readOnly="false" hidden="false" sourceType="user" path="/" id="64795331"/>
</project>
